2019-08-14 16:19:12,67.0
2019-08-14 16:19:13,67.5
2019-08-14 16:19:14,66.67
2019-08-14 16:19:15,66.75
2019-08-14 16:19:16,68.2
2019-08-14 16:19:17,69.83
2019-08-14 16:19:18,72.86
2019-08-14 16:19:19,74.88
2019-08-14 16:19:20,77.44
2019-08-14 16:19:21,79.6
2019-08-14 16:19:22,81.09
2019-08-14 16:19:23,82.25
2019-08-14 16:19:24,82.77
2019-08-14 16:19:25,83.07
2019-08-14 16:19:26,83.2
2019-08-14 16:19:27,83.12
2019-08-14 16:19:28,83.06
2019-08-14 16:19:29,83.0
2019-08-14 16:19:30,83.0
2019-08-14 16:19:31,83.0
2019-08-14 16:19:32,82.86
2019-08-14 16:19:33,82.73
2019-08-14 16:19:34,82.17
2019-08-14 16:19:35,81.92
2019-08-14 16:19:36,81.88
2019-08-14 16:19:37,82.31
2019-08-14 16:19:38,82.78
2019-08-14 16:19:39,83.04
2019-08-14 16:19:40,83.14
2019-08-14 16:19:41,84.73
2019-08-14 16:19:42,86.23
2019-08-14 16:19:43,87.59
2019-08-14 16:19:44,88.88
2019-08-14 16:19:45,90.06
2019-08-14 16:19:46,91.09
2019-08-14 16:19:47,91.97
2019-08-14 16:19:48,92.81
2019-08-14 16:19:49,93.55
2019-08-14 16:19:50,94.26
2019-08-14 16:19:51,94.93
2019-08-14 16:19:52,95.54
2019-08-14 16:19:53,96.17
2019-08-14 16:19:54,96.84
2019-08-14 16:19:55,97.48
2019-08-14 16:19:56,98.16
2019-08-14 16:19:57,98.83
2019-08-14 16:19:58,99.43
2019-08-14 16:19:59,100.04
2019-08-14 16:20:00,100.63
2019-08-14 16:20:01,100.8
2019-08-14 16:20:02,100.96
2019-08-14 16:20:03,101.13
2019-08-14 16:20:04,101.25
2019-08-14 16:20:05,101.31
2019-08-14 16:20:06,101.45
2019-08-14 16:20:07,101.59
2019-08-14 16:20:08,101.75
2019-08-14 16:20:09,101.88
2019-08-14 16:20:10,102.0
2019-08-14 16:20:11,102.1
2019-08-14 16:20:12,102.75
2019-08-14 16:20:13,103.4
2019-08-14 16:20:14,104.07
2019-08-14 16:20:15,104.67
2019-08-14 16:20:16,105.12
2019-08-14 16:20:17,105.45
2019-08-14 16:20:18,105.6
2019-08-14 16:20:19,105.63
2019-08-14 16:20:20,105.57
2019-08-14 16:20:21,105.45
2019-08-14 16:20:22,105.37
2019-08-14 16:20:23,105.33
2019-08-14 16:20:24,105.42
2019-08-14 16:20:25,105.32
2019-08-14 16:20:26,105.25
2019-08-14 16:20:27,105.23
2019-08-14 16:20:28,105.23
2019-08-14 16:20:29,105.27
2019-08-14 16:20:30,105.27
2019-08-14 16:20:31,105.28
2019-08-14 16:20:32,105.35
2019-08-14 16:20:33,105.38
2019-08-14 16:20:34,105.58
2019-08-14 16:20:35,105.68
2019-08-14 16:20:36,105.68
2019-08-14 16:20:37,105.48
2019-08-14 16:20:38,105.27
2019-08-14 16:20:39,105.13
2019-08-14 16:20:40,105.08
2019-08-14 16:20:41,104.32
2019-08-14 16:20:42,103.57
2019-08-14 16:20:43,102.8
2019-08-14 16:20:44,102.02
2019-08-14 16:20:45,101.25
2019-08-14 16:20:46,100.52
2019-08-14 16:20:47,99.85
2019-08-14 16:20:48,99.2
2019-08-14 16:20:49,98.67
2019-08-14 16:20:50,98.05
2019-08-14 16:20:51,97.42
2019-08-14 16:20:52,96.8
2019-08-14 16:20:53,96.15
2019-08-14 16:20:54,95.45
2019-08-14 16:20:55,94.77
2019-08-14 16:20:56,93.97
2019-08-14 16:20:57,93.25
2019-08-14 16:20:58,92.62
2019-08-14 16:20:59,91.93
2019-08-14 16:21:00,91.27
2019-08-14 16:21:01,90.93
2019-08-14 16:21:02,90.6
2019-08-14 16:21:03,90.25
2019-08-14 16:21:04,89.95
2019-08-14 16:21:05,89.68
2019-08-14 16:21:06,89.37
2019-08-14 16:21:07,89.02
2019-08-14 16:21:08,88.63
2019-08-14 16:21:09,88.32
2019-08-14 16:21:10,88.0
2019-08-14 16:21:11,87.7
2019-08-14 16:21:12,87.42
2019-08-14 16:21:13,87.05
2019-08-14 16:21:14,86.7
2019-08-14 16:21:15,86.27
2019-08-14 16:21:16,85.9
2019-08-14 16:21:17,85.58
2019-08-14 16:21:18,85.22
2019-08-14 16:21:19,84.97
2019-08-14 16:21:20,84.63
2019-08-14 16:21:21,84.37
2019-08-14 16:21:22,84.17
2019-08-14 16:21:23,83.93
2019-08-14 16:21:24,83.68
2019-08-14 16:21:25,83.65
2019-08-14 16:21:26,83.63
2019-08-14 16:21:27,83.53
2019-08-14 16:21:28,83.4
2019-08-14 16:21:29,83.23
2019-08-14 16:21:30,83.0
2019-08-14 16:21:31,82.82
2019-08-14 16:21:32,82.65
2019-08-14 16:21:33,82.52
2019-08-14 16:21:34,82.38
2019-08-14 16:21:35,82.32
2019-08-14 16:21:36,82.25
2019-08-14 16:21:37,82.18
2019-08-14 16:21:38,82.12
2019-08-14 16:21:39,82.02
2019-08-14 16:21:40,81.88
2019-08-14 16:21:41,81.72
2019-08-14 16:21:42,81.52
2019-08-14 16:21:43,81.37
2019-08-14 16:21:44,81.22
2019-08-14 16:21:45,80.98
2019-08-14 16:21:46,80.75
2019-08-14 16:21:47,80.5
2019-08-14 16:21:48,80.17
2019-08-14 16:21:49,79.83
2019-08-14 16:21:50,79.57
2019-08-14 16:21:51,79.33
2019-08-14 16:21:52,79.08
2019-08-14 16:21:53,78.92
2019-08-14 16:21:54,78.73
2019-08-14 16:21:55,78.53
2019-08-14 16:21:56,78.42
2019-08-14 16:21:57,78.22
2019-08-14 16:21:58,77.97
2019-08-14 16:21:59,77.75
2019-08-14 16:22:00,77.52
2019-08-14 16:22:01,77.37
2019-08-14 16:22:02,77.2
2019-08-14 16:22:03,77.03
2019-08-14 16:22:04,76.85
2019-08-14 16:22:05,76.65
2019-08-14 16:22:06,76.45
2019-08-14 16:22:07,76.27
2019-08-14 16:22:08,76.07
2019-08-14 16:22:09,75.87
2019-08-14 16:22:10,75.68
2019-08-14 16:22:11,75.55
2019-08-14 16:22:12,75.45
2019-08-14 16:22:13,75.38
2019-08-14 16:22:14,75.33
2019-08-14 16:22:15,75.45
2019-08-14 16:22:16,75.57
2019-08-14 16:22:17,75.7
2019-08-14 16:22:18,75.85
2019-08-14 16:22:19,76.05
2019-08-14 16:22:20,76.27
2019-08-14 16:22:21,76.52
2019-08-14 16:22:22,76.73
2019-08-14 16:22:23,76.95
2019-08-14 16:22:24,77.17
2019-08-14 16:22:25,77.37
2019-08-14 16:22:26,77.55
2019-08-14 16:22:27,77.82
2019-08-14 16:22:28,78.08
2019-08-14 16:22:29,78.33
2019-08-14 16:22:30,78.62
2019-08-14 16:22:31,78.8
2019-08-14 16:22:32,78.92
2019-08-14 16:22:33,79.0
2019-08-14 16:22:34,78.97
2019-08-14 16:22:35,78.83
2019-08-14 16:22:36,78.68
2019-08-14 16:22:37,78.57
2019-08-14 16:22:38,78.42
2019-08-14 16:22:39,78.28
2019-08-14 16:22:40,78.18
2019-08-14 16:22:41,78.08
2019-08-14 16:22:42,78.02
2019-08-14 16:22:43,77.88
2019-08-14 16:22:44,77.9
2019-08-14 16:22:45,78.02
2019-08-14 16:22:46,78.08
2019-08-14 16:22:47,78.18
2019-08-14 16:22:48,78.33
2019-08-14 16:22:49,78.43
2019-08-14 16:22:50,78.72
2019-08-14 16:22:51,78.97
2019-08-14 16:22:52,79.23
2019-08-14 16:22:53,79.4
2019-08-14 16:22:54,79.6
2019-08-14 16:22:55,79.75
2019-08-14 16:22:56,79.85
2019-08-14 16:22:57,79.92
2019-08-14 16:22:58,79.98
2019-08-14 16:22:59,80.05
2019-08-14 16:23:00,80.1
2019-08-14 16:23:01,80.0
2019-08-14 16:23:02,79.92
2019-08-14 16:23:03,79.83
2019-08-14 16:23:04,79.77
2019-08-14 16:23:05,79.72
2019-08-14 16:23:06,79.65
2019-08-14 16:23:07,79.52
2019-08-14 16:23:08,79.37
2019-08-14 16:23:09,79.18
2019-08-14 16:23:10,78.97
2019-08-14 16:23:11,78.68
2019-08-14 16:23:12,78.33
2019-08-14 16:23:13,78.03
2019-08-14 16:23:14,77.73
2019-08-14 16:23:15,77.37
2019-08-14 16:23:16,76.95
2019-08-14 16:23:17,76.53
2019-08-14 16:23:18,76.15
2019-08-14 16:23:19,75.75
2019-08-14 16:23:20,75.33
2019-08-14 16:23:21,74.85
2019-08-14 16:23:22,74.35
2019-08-14 16:23:23,73.77
2019-08-14 16:23:24,73.22
2019-08-14 16:23:25,72.7
2019-08-14 16:23:26,72.17
2019-08-14 16:23:27,71.58
2019-08-14 16:23:28,70.98
2019-08-14 16:23:29,70.42
2019-08-14 16:23:30,69.88
2019-08-14 16:23:31,69.37
2019-08-14 16:23:32,68.93
2019-08-14 16:23:33,68.5
2019-08-14 16:23:34,68.23
2019-08-14 16:23:35,68.02
2019-08-14 16:23:36,67.83
2019-08-14 16:23:37,67.63
2019-08-14 16:23:38,67.43
2019-08-14 16:23:39,67.25
2019-08-14 16:23:40,67.05
2019-08-14 16:23:41,66.85
2019-08-14 16:23:42,66.62
2019-08-14 16:23:43,66.4
2019-08-14 16:23:44,66.03
2019-08-14 16:23:45,65.7
2019-08-14 16:23:46,65.42
2019-08-14 16:23:47,65.12
2019-08-14 16:23:48,64.9
2019-08-14 16:23:49,64.67
2019-08-14 16:23:50,64.28
2019-08-14 16:23:51,63.9
2019-08-14 16:23:52,63.55
2019-08-14 16:23:53,63.18
2019-08-14 16:23:54,62.83
2019-08-14 16:23:55,62.6
2019-08-14 16:23:56,62.4
2019-08-14 16:23:57,62.22
2019-08-14 16:23:58,62.07
2019-08-14 16:23:59,61.85
2019-08-14 16:24:00,61.78
2019-08-14 16:24:01,61.72
2019-08-14 16:24:02,61.65
2019-08-14 16:24:03,61.6
2019-08-14 16:24:04,61.52
2019-08-14 16:24:05,61.4
2019-08-14 16:24:06,61.37
2019-08-14 16:24:07,61.42
2019-08-14 16:24:08,61.55
2019-08-14 16:24:09,61.68
2019-08-14 16:24:10,61.83
2019-08-14 16:24:11,62.1
2019-08-14 16:24:12,62.42
2019-08-14 16:24:13,62.7
2019-08-14 16:24:14,63.02
2019-08-14 16:24:15,63.33
2019-08-14 16:24:16,63.68
2019-08-14 16:24:17,64.02
2019-08-14 16:24:18,64.33
2019-08-14 16:24:19,64.58
2019-08-14 16:24:20,64.87
2019-08-14 16:24:21,65.15
2019-08-14 16:24:22,65.43
2019-08-14 16:24:23,65.78
2019-08-14 16:24:24,66.15
2019-08-14 16:24:25,66.57
2019-08-14 16:24:26,67.07
2019-08-14 16:24:27,67.6
2019-08-14 16:24:28,68.13
2019-08-14 16:24:29,68.67
2019-08-14 16:24:30,69.27
2019-08-14 16:24:31,69.87
2019-08-14 16:24:32,70.43
2019-08-14 16:24:33,71.02
2019-08-14 16:24:34,71.53
2019-08-14 16:24:35,72.02
2019-08-14 16:24:36,72.45
2019-08-14 16:24:37,72.88
2019-08-14 16:24:38,73.3
2019-08-14 16:24:39,73.72
2019-08-14 16:24:40,74.13
2019-08-14 16:24:41,74.52
2019-08-14 16:24:42,74.88
2019-08-14 16:24:43,75.28
2019-08-14 16:24:44,75.75
2019-08-14 16:24:45,76.18
2019-08-14 16:24:46,76.62
2019-08-14 16:24:47,77.03
2019-08-14 16:24:48,77.38
2019-08-14 16:24:49,77.8
2019-08-14 16:24:50,78.13
2019-08-14 16:24:51,78.4
2019-08-14 16:24:52,78.68
2019-08-14 16:24:53,79.03
2019-08-14 16:24:54,79.5
2019-08-14 16:24:55,79.92
2019-08-14 16:24:56,80.4
2019-08-14 16:24:57,80.85
2019-08-14 16:24:58,81.2
2019-08-14 16:24:59,81.57
2019-08-14 16:25:00,81.83
2019-08-14 16:25:01,82.12
2019-08-14 16:25:02,82.55
2019-08-14 16:25:03,82.95
2019-08-14 16:25:04,83.37
2019-08-14 16:25:05,83.82
2019-08-14 16:25:06,84.18
2019-08-14 16:25:07,84.52
2019-08-14 16:25:08,84.8
2019-08-14 16:25:09,85.05
2019-08-14 16:25:10,85.25
2019-08-14 16:25:11,85.37
2019-08-14 16:25:12,85.5
2019-08-14 16:25:13,85.67
2019-08-14 16:25:14,85.8
2019-08-14 16:25:15,85.95
2019-08-14 16:25:16,86.08
2019-08-14 16:25:17,86.22
2019-08-14 16:25:18,86.38
2019-08-14 16:25:19,86.62
2019-08-14 16:25:20,86.87
2019-08-14 16:25:21,87.1
2019-08-14 16:25:22,87.33
2019-08-14 16:25:23,87.58
2019-08-14 16:25:24,87.68
2019-08-14 16:25:25,87.75
2019-08-14 16:25:26,87.78
2019-08-14 16:25:27,87.83
2019-08-14 16:25:28,87.92
2019-08-14 16:25:29,87.98
2019-08-14 16:25:30,87.98
2019-08-14 16:25:31,88.0
2019-08-14 16:25:32,88.02
2019-08-14 16:25:33,87.95
2019-08-14 16:25:34,87.95
2019-08-14 16:25:35,87.95
2019-08-14 16:25:36,88.02
2019-08-14 16:25:37,88.1
2019-08-14 16:25:38,88.23
2019-08-14 16:25:39,88.37
2019-08-14 16:25:40,88.53
2019-08-14 16:25:41,88.72
2019-08-14 16:25:42,88.92
2019-08-14 16:25:43,89.08
2019-08-14 16:25:44,89.18
2019-08-14 16:25:45,89.32
2019-08-14 16:25:46,89.47
2019-08-14 16:25:47,89.68
2019-08-14 16:25:48,89.92
2019-08-14 16:25:49,90.08
2019-08-14 16:25:50,90.33
2019-08-14 16:25:51,90.62
2019-08-14 16:25:52,90.87
2019-08-14 16:25:53,91.08
2019-08-14 16:25:54,91.13
2019-08-14 16:25:55,91.18
2019-08-14 16:25:56,91.18
2019-08-14 16:25:57,91.28
2019-08-14 16:25:58,91.48
2019-08-14 16:25:59,91.73
2019-08-14 16:26:00,91.95
2019-08-14 16:26:01,92.22
2019-08-14 16:26:02,92.33
2019-08-14 16:26:03,92.42
2019-08-14 16:26:04,92.6
2019-08-14 16:26:05,92.8
2019-08-14 16:26:06,92.98
2019-08-14 16:26:07,93.18
2019-08-14 16:26:08,93.38
2019-08-14 16:26:09,93.63
2019-08-14 16:26:10,93.97
2019-08-14 16:26:11,94.27
2019-08-14 16:26:12,94.6
2019-08-14 16:26:13,94.92
2019-08-14 16:26:14,95.25
2019-08-14 16:26:15,95.57
2019-08-14 16:26:16,95.88
2019-08-14 16:26:17,96.18
2019-08-14 16:26:18,96.38
2019-08-14 16:26:19,96.57
2019-08-14 16:26:20,96.68
2019-08-14 16:26:21,96.83
2019-08-14 16:26:22,96.98
2019-08-14 16:26:23,97.12
2019-08-14 16:26:24,97.32
2019-08-14 16:26:25,97.47
2019-08-14 16:26:26,97.6
2019-08-14 16:26:27,97.72
2019-08-14 16:26:28,97.8
2019-08-14 16:26:29,97.85
2019-08-14 16:26:30,97.93
2019-08-14 16:26:31,97.95
2019-08-14 16:26:32,97.97
2019-08-14 16:26:33,97.98
2019-08-14 16:26:34,97.97
2019-08-14 16:26:35,98.02
2019-08-14 16:26:36,98.03
2019-08-14 16:26:37,97.97
2019-08-14 16:26:38,97.9
2019-08-14 16:26:39,97.82
2019-08-14 16:26:40,97.72
2019-08-14 16:26:41,97.6
2019-08-14 16:26:42,97.48
2019-08-14 16:26:43,97.35
2019-08-14 16:26:44,97.25
2019-08-14 16:26:45,97.12
2019-08-14 16:26:46,97.03
2019-08-14 16:26:47,96.95
2019-08-14 16:26:48,96.82
2019-08-14 16:26:49,96.7
2019-08-14 16:26:50,96.58
2019-08-14 16:26:51,96.53
2019-08-14 16:26:52,96.48
2019-08-14 16:26:53,96.43
2019-08-14 16:26:54,96.4
2019-08-14 16:26:55,96.37
2019-08-14 16:26:56,96.33
2019-08-14 16:26:57,96.25
2019-08-14 16:26:58,96.17
2019-08-14 16:26:59,96.18
2019-08-14 16:27:00,96.13
2019-08-14 16:27:01,96.13
2019-08-14 16:27:02,96.12
2019-08-14 16:27:03,96.13
2019-08-14 16:27:04,96.07
2019-08-14 16:27:05,95.95
2019-08-14 16:27:06,95.85
2019-08-14 16:27:07,95.77
2019-08-14 16:27:08,95.72
2019-08-14 16:27:09,95.58
2019-08-14 16:27:10,95.38
2019-08-14 16:27:11,95.23
2019-08-14 16:27:12,95.03
2019-08-14 16:27:13,94.82
2019-08-14 16:27:14,94.53
2019-08-14 16:27:15,94.3
2019-08-14 16:27:16,93.72
2019-08-14 16:27:17,93.15
2019-08-14 16:27:18,92.7
2019-08-14 16:27:19,92.27
2019-08-14 16:27:20,91.9
2019-08-14 16:27:21,91.52
2019-08-14 16:27:22,91.13
2019-08-14 16:27:23,90.77
2019-08-14 16:27:24,90.43
2019-08-14 16:27:25,90.05
2019-08-14 16:27:26,89.7
2019-08-14 16:27:27,89.4
2019-08-14 16:27:28,89.15
2019-08-14 16:27:29,88.88
2019-08-14 16:27:30,88.55
2019-08-14 16:27:31,88.28
2019-08-14 16:27:32,88.02
2019-08-14 16:27:33,87.82
2019-08-14 16:27:34,87.63
2019-08-14 16:27:35,87.5
2019-08-14 16:27:36,87.32
2019-08-14 16:27:37,87.15
2019-08-14 16:27:38,86.93
2019-08-14 16:27:39,86.75
2019-08-14 16:27:40,86.52
2019-08-14 16:27:41,86.3
2019-08-14 16:27:42,86.05
2019-08-14 16:27:43,85.82
2019-08-14 16:27:44,85.58
2019-08-14 16:27:45,85.37
2019-08-14 16:27:46,85.12
2019-08-14 16:27:47,84.82
2019-08-14 16:27:48,84.57
2019-08-14 16:27:49,84.27
2019-08-14 16:27:50,83.97
2019-08-14 16:27:51,83.67
2019-08-14 16:27:52,83.5
2019-08-14 16:27:53,83.38
2019-08-14 16:27:54,83.27
2019-08-14 16:27:55,83.15
2019-08-14 16:27:56,82.93
2019-08-14 16:27:57,82.7
2019-08-14 16:27:58,82.45
2019-08-14 16:27:59,81.95
2019-08-14 16:28:00,81.53
2019-08-14 16:28:01,81.07
2019-08-14 16:28:02,80.63
2019-08-14 16:28:03,80.23
2019-08-14 16:28:04,79.83
2019-08-14 16:28:05,79.47
2019-08-14 16:28:06,79.1
2019-08-14 16:28:07,78.75
2019-08-14 16:28:08,78.4
2019-08-14 16:28:09,78.12
2019-08-14 16:28:10,77.87
2019-08-14 16:28:11,77.57
2019-08-14 16:28:12,77.32
2019-08-14 16:28:13,77.05
2019-08-14 16:28:14,76.83
2019-08-14 16:28:15,76.58
2019-08-14 16:28:16,76.7
2019-08-14 16:28:17,76.82
2019-08-14 16:28:18,76.88
2019-08-14 16:28:19,76.97
2019-08-14 16:28:20,77.0
2019-08-14 16:28:21,77.0
2019-08-14 16:28:22,76.98
2019-08-14 16:28:23,76.95
2019-08-14 16:28:24,76.88
2019-08-14 16:28:25,76.88
2019-08-14 16:28:26,76.83
2019-08-14 16:28:27,76.75
2019-08-14 16:28:28,76.65
2019-08-14 16:28:29,76.6
2019-08-14 16:28:30,76.58
2019-08-14 16:28:31,76.57
2019-08-14 16:28:32,76.52
2019-08-14 16:28:33,76.48
2019-08-14 16:28:34,76.4
2019-08-14 16:28:35,76.23
2019-08-14 16:28:36,76.1
2019-08-14 16:28:37,76.02
2019-08-14 16:28:38,75.95
2019-08-14 16:28:39,75.83
2019-08-14 16:28:40,76.02
2019-08-14 16:28:41,76.2
2019-08-14 16:28:42,76.45
2019-08-14 16:28:43,76.72
2019-08-14 16:28:44,76.97
2019-08-14 16:28:45,77.17
2019-08-14 16:28:46,77.4
2019-08-14 16:28:47,77.68
2019-08-14 16:28:48,77.92
2019-08-14 16:28:49,78.15
2019-08-14 16:28:50,78.4
2019-08-14 16:28:51,78.65
2019-08-14 16:28:52,78.77
2019-08-14 16:28:53,78.8
2019-08-14 16:28:54,78.82
2019-08-14 16:28:55,78.83
2019-08-14 16:28:56,78.88
2019-08-14 16:28:57,78.97
2019-08-14 16:28:58,79.03
2019-08-14 16:28:59,79.23
2019-08-14 16:29:00,79.53
2019-08-14 16:29:01,79.83
2019-08-14 16:29:02,80.07
2019-08-14 16:29:03,80.27
2019-08-14 16:29:04,80.43
2019-08-14 16:29:05,80.65
2019-08-14 16:29:06,80.88
2019-08-14 16:29:07,81.12
2019-08-14 16:29:08,81.32
2019-08-14 16:29:09,81.5
2019-08-14 16:29:10,81.82
2019-08-14 16:29:11,82.12
2019-08-14 16:29:12,82.37
2019-08-14 16:29:13,82.65
2019-08-14 16:29:14,82.92
2019-08-14 16:29:15,83.2
2019-08-14 16:29:16,83.47
2019-08-14 16:29:17,83.78
2019-08-14 16:29:18,84.08
2019-08-14 16:29:19,84.37
2019-08-14 16:29:20,84.68
2019-08-14 16:29:21,85.0
2019-08-14 16:29:22,85.33
2019-08-14 16:29:23,85.67
2019-08-14 16:29:24,86.05
2019-08-14 16:29:25,86.43
2019-08-14 16:29:26,86.83
2019-08-14 16:29:27,87.32
2019-08-14 16:29:28,87.8
2019-08-14 16:29:29,88.3
2019-08-14 16:29:30,88.77
2019-08-14 16:29:31,89.23
2019-08-14 16:29:32,89.7
2019-08-14 16:29:33,90.17
2019-08-14 16:29:34,90.67
2019-08-14 16:29:35,91.18
2019-08-14 16:29:36,91.72
2019-08-14 16:29:37,92.25
2019-08-14 16:29:38,92.78
2019-08-14 16:29:39,93.35
2019-08-14 16:29:40,93.63
2019-08-14 16:29:41,93.95
2019-08-14 16:29:42,94.15
2019-08-14 16:29:43,94.4
2019-08-14 16:29:44,94.65
2019-08-14 16:29:45,94.93
2019-08-14 16:29:46,95.15
2019-08-14 16:29:47,95.27
2019-08-14 16:29:48,95.32
2019-08-14 16:29:49,95.35
2019-08-14 16:29:50,95.43
2019-08-14 16:29:51,95.47
2019-08-14 16:29:52,95.47
2019-08-14 16:29:53,95.45
2019-08-14 16:29:54,95.45
2019-08-14 16:29:55,95.43
2019-08-14 16:29:56,95.48
2019-08-14 16:29:57,95.37
2019-08-14 16:29:58,95.23
2019-08-14 16:29:59,95.08
2019-08-14 16:30:00,94.83
2019-08-14 16:30:01,94.58
2019-08-14 16:30:02,94.35
2019-08-14 16:30:03,94.12
2019-08-14 16:30:04,93.97
2019-08-14 16:30:05,93.73
2019-08-14 16:30:06,93.43
2019-08-14 16:30:07,93.13
2019-08-14 16:30:08,92.85
2019-08-14 16:30:09,92.53
2019-08-14 16:30:10,92.08
2019-08-14 16:30:11,91.68
2019-08-14 16:30:12,91.2
2019-08-14 16:30:13,90.68
2019-08-14 16:30:14,90.22
2019-08-14 16:30:15,89.85
2019-08-14 16:30:16,89.47
2019-08-14 16:30:17,89.18
2019-08-14 16:30:18,88.87
2019-08-14 16:30:19,88.58
2019-08-14 16:30:20,88.3
2019-08-14 16:30:21,88.05
2019-08-14 16:30:22,87.8
2019-08-14 16:30:23,87.62
2019-08-14 16:30:24,87.45
2019-08-14 16:30:25,87.25
2019-08-14 16:30:26,87.03
2019-08-14 16:30:27,86.75
2019-08-14 16:30:28,86.48
2019-08-14 16:30:29,86.2
2019-08-14 16:30:30,85.98
2019-08-14 16:30:31,85.78
2019-08-14 16:30:32,85.63
2019-08-14 16:30:33,85.52
2019-08-14 16:30:34,85.38
2019-08-14 16:30:35,85.2
2019-08-14 16:30:36,85.02
2019-08-14 16:30:37,84.88
2019-08-14 16:30:38,84.78
2019-08-14 16:30:39,84.68
2019-08-14 16:30:40,84.55
2019-08-14 16:30:41,84.4
2019-08-14 16:30:42,84.37
2019-08-14 16:30:43,84.17
2019-08-14 16:30:44,83.95
2019-08-14 16:30:45,83.75
2019-08-14 16:30:46,83.57
2019-08-14 16:30:47,83.4
2019-08-14 16:30:48,83.35
2019-08-14 16:30:49,83.35
2019-08-14 16:30:50,83.27
2019-08-14 16:30:51,83.27
2019-08-14 16:30:52,83.27
2019-08-14 16:30:53,83.33
2019-08-14 16:30:54,83.38
2019-08-14 16:30:55,83.53
2019-08-14 16:30:56,83.55
2019-08-14 16:30:57,83.52
2019-08-14 16:30:58,83.52
2019-08-14 16:30:59,83.57
2019-08-14 16:31:00,83.6
2019-08-14 16:31:01,83.58
2019-08-14 16:31:02,83.65
2019-08-14 16:31:03,83.73
2019-08-14 16:31:04,83.75
2019-08-14 16:31:05,83.75
2019-08-14 16:31:06,83.82
2019-08-14 16:31:07,83.82
2019-08-14 16:31:08,83.75
2019-08-14 16:31:09,83.73
2019-08-14 16:31:10,83.75
2019-08-14 16:31:11,83.75
2019-08-14 16:31:12,83.85
2019-08-14 16:31:13,83.97
2019-08-14 16:31:14,84.0
2019-08-14 16:31:15,83.88
2019-08-14 16:31:16,83.9
2019-08-14 16:31:17,83.82
2019-08-14 16:31:18,83.73
2019-08-14 16:31:19,83.62
2019-08-14 16:31:20,83.52
2019-08-14 16:31:21,83.47
2019-08-14 16:31:22,83.33
2019-08-14 16:31:23,83.15
2019-08-14 16:31:24,82.93
2019-08-14 16:31:25,82.75
2019-08-14 16:31:26,82.57
2019-08-14 16:31:27,82.37
2019-08-14 16:31:28,82.22
2019-08-14 16:31:29,82.07
2019-08-14 16:31:30,81.93
2019-08-14 16:31:31,81.77
2019-08-14 16:31:32,81.62
2019-08-14 16:31:33,81.45
2019-08-14 16:31:34,81.28
2019-08-14 16:31:35,81.12
2019-08-14 16:31:36,80.92
2019-08-14 16:31:37,80.67
2019-08-14 16:31:38,80.45
2019-08-14 16:31:39,80.23
2019-08-14 16:31:40,80.1
2019-08-14 16:31:41,79.93
2019-08-14 16:31:42,79.87
2019-08-14 16:31:43,80.0
2019-08-14 16:31:44,80.18
2019-08-14 16:31:45,80.33
2019-08-14 16:31:46,80.48
2019-08-14 16:31:47,80.65
2019-08-14 16:31:48,80.8
2019-08-14 16:31:49,80.92
2019-08-14 16:31:50,80.97
2019-08-14 16:31:51,80.97
2019-08-14 16:31:52,81.03
2019-08-14 16:31:53,81.02
2019-08-14 16:31:54,81.07
2019-08-14 16:31:55,80.98
2019-08-14 16:31:56,81.02
2019-08-14 16:31:57,81.25
2019-08-14 16:31:58,81.47
2019-08-14 16:31:59,81.8
2019-08-14 16:32:00,82.07
2019-08-14 16:32:01,82.37
2019-08-14 16:32:02,82.58
2019-08-14 16:32:03,82.8
2019-08-14 16:32:04,83.03
2019-08-14 16:32:05,83.32
2019-08-14 16:32:06,83.55
2019-08-14 16:32:07,83.82
2019-08-14 16:32:08,84.15
2019-08-14 16:32:09,84.43
2019-08-14 16:32:10,84.72
2019-08-14 16:32:11,84.95
2019-08-14 16:32:12,85.18
2019-08-14 16:32:13,85.4
2019-08-14 16:32:14,85.57
2019-08-14 16:32:15,85.75
2019-08-14 16:32:16,85.82
2019-08-14 16:32:17,85.82
2019-08-14 16:32:18,85.88
2019-08-14 16:32:19,85.92
2019-08-14 16:32:20,85.95
2019-08-14 16:32:21,85.98
2019-08-14 16:32:22,86.08
2019-08-14 16:32:23,86.18
2019-08-14 16:32:24,86.32
2019-08-14 16:32:25,86.43
2019-08-14 16:32:26,86.5
2019-08-14 16:32:27,86.6
2019-08-14 16:32:28,86.63
2019-08-14 16:32:29,86.67
2019-08-14 16:32:30,86.68
2019-08-14 16:32:31,86.72
2019-08-14 16:32:32,86.78
2019-08-14 16:32:33,86.83
2019-08-14 16:32:34,86.93
2019-08-14 16:32:35,87.07
2019-08-14 16:32:36,87.27
2019-08-14 16:32:37,87.43
2019-08-14 16:32:38,87.53
2019-08-14 16:32:39,87.63
2019-08-14 16:32:40,87.67
2019-08-14 16:32:41,87.73
2019-08-14 16:32:42,87.62
2019-08-14 16:32:43,87.38
2019-08-14 16:32:44,87.05
2019-08-14 16:32:45,86.72
2019-08-14 16:32:46,86.38
2019-08-14 16:32:47,86.05
2019-08-14 16:32:48,85.7
2019-08-14 16:32:49,85.32
2019-08-14 16:32:50,85.0
2019-08-14 16:32:51,84.68
2019-08-14 16:32:52,84.32
2019-08-14 16:32:53,84.02
2019-08-14 16:32:54,83.63
2019-08-14 16:32:55,83.47
2019-08-14 16:32:56,83.3
2019-08-14 16:32:57,83.1
2019-08-14 16:32:58,82.9
2019-08-14 16:32:59,82.57
2019-08-14 16:33:00,82.35
2019-08-14 16:33:01,82.2
2019-08-14 16:33:02,82.07
2019-08-14 16:33:03,81.92
2019-08-14 16:33:04,81.77
2019-08-14 16:33:05,81.62
2019-08-14 16:33:06,81.55
2019-08-14 16:33:07,81.55
2019-08-14 16:33:08,81.5
2019-08-14 16:33:09,81.5
2019-08-14 16:33:10,81.47
2019-08-14 16:33:11,81.52
2019-08-14 16:33:12,81.55
2019-08-14 16:33:13,81.62
2019-08-14 16:33:14,82.0
2019-08-14 16:33:15,82.37
2019-08-14 16:33:16,82.75
2019-08-14 16:33:17,83.12
2019-08-14 16:33:18,83.42
2019-08-14 16:33:19,83.73
2019-08-14 16:33:20,84.02
2019-08-14 16:33:21,84.22
2019-08-14 16:33:22,84.43
2019-08-14 16:33:23,84.65
2019-08-14 16:33:24,84.77
2019-08-14 16:33:25,84.9
2019-08-14 16:33:26,85.1
2019-08-14 16:33:27,85.27
2019-08-14 16:33:28,85.42
2019-08-14 16:33:29,85.57
2019-08-14 16:33:30,85.67
2019-08-14 16:33:31,85.82
2019-08-14 16:33:32,85.9
2019-08-14 16:33:33,86.0
2019-08-14 16:33:34,86.05
2019-08-14 16:33:35,86.08
2019-08-14 16:33:36,86.15
2019-08-14 16:33:37,86.27
2019-08-14 16:33:38,86.47
2019-08-14 16:33:39,86.72
2019-08-14 16:33:40,87.07
2019-08-14 16:33:41,87.5
2019-08-14 16:33:42,88.0
2019-08-14 16:33:43,88.5
2019-08-14 16:33:44,89.05
2019-08-14 16:33:45,89.58
2019-08-14 16:33:46,90.1
2019-08-14 16:33:47,90.55
2019-08-14 16:33:48,91.07
2019-08-14 16:33:49,91.63
2019-08-14 16:33:50,92.2
2019-08-14 16:33:51,92.78
2019-08-14 16:33:52,93.43
2019-08-14 16:33:53,94.03
2019-08-14 16:33:54,94.68
2019-08-14 16:33:55,95.13
2019-08-14 16:33:56,95.58
2019-08-14 16:33:57,96.02
2019-08-14 16:33:58,96.43
2019-08-14 16:33:59,96.82
2019-08-14 16:34:00,97.15
2019-08-14 16:34:01,97.45
2019-08-14 16:34:02,97.78
2019-08-14 16:34:03,97.98
2019-08-14 16:34:04,98.2
2019-08-14 16:34:05,98.38
2019-08-14 16:34:06,98.47
2019-08-14 16:34:07,98.55
2019-08-14 16:34:08,98.65
2019-08-14 16:34:09,98.48
2019-08-14 16:34:10,98.35
2019-08-14 16:34:11,98.18
2019-08-14 16:34:12,98.08
2019-08-14 16:34:13,98.03
2019-08-14 16:34:14,97.75
2019-08-14 16:34:15,97.42
2019-08-14 16:34:16,97.08
2019-08-14 16:34:17,96.82
2019-08-14 16:34:18,96.55
2019-08-14 16:34:19,96.3
2019-08-14 16:34:20,96.08
2019-08-14 16:34:21,95.88
2019-08-14 16:34:22,95.68
2019-08-14 16:34:23,95.48
2019-08-14 16:34:24,95.43
2019-08-14 16:34:25,95.37
2019-08-14 16:34:26,95.27
2019-08-14 16:34:27,95.17
2019-08-14 16:34:28,95.13
2019-08-14 16:34:29,95.22
2019-08-14 16:34:30,95.28
2019-08-14 16:34:31,95.3
2019-08-14 16:34:32,95.33
2019-08-14 16:34:33,95.37
2019-08-14 16:34:34,95.47
2019-08-14 16:34:35,95.58
2019-08-14 16:34:36,95.65
2019-08-14 16:34:37,95.65
2019-08-14 16:34:38,95.57
2019-08-14 16:34:39,95.53
2019-08-14 16:34:40,95.43
2019-08-14 16:34:41,95.2
2019-08-14 16:34:42,94.95
2019-08-14 16:34:43,94.75
2019-08-14 16:34:44,94.57
2019-08-14 16:34:45,94.28
2019-08-14 16:34:46,94.02
2019-08-14 16:34:47,93.87
2019-08-14 16:34:48,93.7
2019-08-14 16:34:49,93.57
2019-08-14 16:34:50,93.45
2019-08-14 16:34:51,93.35
2019-08-14 16:34:52,93.28
2019-08-14 16:34:53,93.3
2019-08-14 16:34:54,93.28
2019-08-14 16:34:55,93.27
2019-08-14 16:34:56,93.25
2019-08-14 16:34:57,93.28
2019-08-14 16:34:58,93.3
2019-08-14 16:34:59,93.12
2019-08-14 16:35:00,92.92
2019-08-14 16:35:01,92.72
2019-08-14 16:35:02,92.47
2019-08-14 16:35:03,92.37
2019-08-14 16:35:04,92.25
2019-08-14 16:35:05,92.15
2019-08-14 16:35:06,92.12
2019-08-14 16:35:07,92.05
2019-08-14 16:35:08,91.98
2019-08-14 16:35:09,92.13
2019-08-14 16:35:10,92.25
2019-08-14 16:35:11,92.42
2019-08-14 16:35:12,92.52
2019-08-14 16:35:13,92.67
2019-08-14 16:35:14,92.8
2019-08-14 16:35:15,92.98
2019-08-14 16:35:16,93.18
2019-08-14 16:35:17,93.33
2019-08-14 16:35:18,93.52
2019-08-14 16:35:19,93.65
2019-08-14 16:35:20,93.8
2019-08-14 16:35:21,93.9
2019-08-14 16:35:22,93.95
2019-08-14 16:35:23,93.97
2019-08-14 16:35:24,93.9
2019-08-14 16:35:25,93.72
2019-08-14 16:35:26,93.43
2019-08-14 16:35:27,93.27
2019-08-14 16:35:28,93.05
2019-08-14 16:35:29,92.73
2019-08-14 16:35:30,92.47
2019-08-14 16:35:31,92.22
2019-08-14 16:35:32,91.97
2019-08-14 16:35:33,91.73
2019-08-14 16:35:34,91.43
2019-08-14 16:35:35,91.1
2019-08-14 16:35:36,90.78
2019-08-14 16:35:37,90.53
2019-08-14 16:35:38,90.2
2019-08-14 16:35:39,89.75
2019-08-14 16:35:40,89.28
2019-08-14 16:35:41,88.87
2019-08-14 16:35:42,88.43
2019-08-14 16:35:43,88.0
2019-08-14 16:35:44,87.55
2019-08-14 16:35:45,87.22
2019-08-14 16:35:46,86.85
2019-08-14 16:35:47,86.43
2019-08-14 16:35:48,85.98
2019-08-14 16:35:49,85.48
2019-08-14 16:35:50,85.0
2019-08-14 16:35:51,84.48
2019-08-14 16:35:52,83.87
2019-08-14 16:35:53,83.2
2019-08-14 16:35:54,82.58
2019-08-14 16:35:55,82.03
2019-08-14 16:35:56,81.47
2019-08-14 16:35:57,80.95
2019-08-14 16:35:58,80.47
2019-08-14 16:35:59,80.18
2019-08-14 16:36:00,79.98
2019-08-14 16:36:01,79.8
2019-08-14 16:36:02,79.73
2019-08-14 16:36:03,79.67
2019-08-14 16:36:04,79.67
2019-08-14 16:36:05,79.68
2019-08-14 16:36:06,79.68
2019-08-14 16:36:07,79.68
2019-08-14 16:36:08,79.68
2019-08-14 16:36:09,79.63
2019-08-14 16:36:10,79.55
2019-08-14 16:36:11,79.4
2019-08-14 16:36:12,79.27
2019-08-14 16:36:13,79.05
2019-08-14 16:36:14,78.85
2019-08-14 16:36:15,78.68
2019-08-14 16:36:16,78.5
2019-08-14 16:36:17,78.37
2019-08-14 16:36:18,78.27
2019-08-14 16:36:19,78.23
2019-08-14 16:36:20,78.15
2019-08-14 16:36:21,78.12
2019-08-14 16:36:22,78.13
2019-08-14 16:36:23,78.25
2019-08-14 16:36:24,78.37
2019-08-14 16:36:25,78.62
2019-08-14 16:36:26,78.98
2019-08-14 16:36:27,79.3
2019-08-14 16:36:28,79.6
2019-08-14 16:36:29,79.88
2019-08-14 16:36:30,80.15
2019-08-14 16:36:31,80.38
2019-08-14 16:36:32,80.6
2019-08-14 16:36:33,80.83
2019-08-14 16:36:34,81.08
2019-08-14 16:36:35,81.32
2019-08-14 16:36:36,81.53
2019-08-14 16:36:37,81.75
2019-08-14 16:36:38,82.05
2019-08-14 16:36:39,82.33
2019-08-14 16:36:40,82.63
2019-08-14 16:36:41,82.9
2019-08-14 16:36:42,83.22
2019-08-14 16:36:43,83.52
2019-08-14 16:36:44,83.82
2019-08-14 16:36:45,84.08
2019-08-14 16:36:46,84.38
2019-08-14 16:36:47,84.7
2019-08-14 16:36:48,85.02
2019-08-14 16:36:49,85.3
2019-08-14 16:36:50,85.57
2019-08-14 16:36:51,85.83
2019-08-14 16:36:52,86.12
2019-08-14 16:36:53,86.42
2019-08-14 16:36:54,86.68
2019-08-14 16:36:55,86.9
2019-08-14 16:36:56,87.13
2019-08-14 16:36:57,87.32
2019-08-14 16:36:58,87.52
2019-08-14 16:36:59,87.75
2019-08-14 16:37:00,87.92
2019-08-14 16:37:01,88.02
2019-08-14 16:37:02,88.08
2019-08-14 16:37:03,88.15
2019-08-14 16:37:04,88.18
2019-08-14 16:37:05,88.22
2019-08-14 16:37:06,88.3
2019-08-14 16:37:07,88.37
2019-08-14 16:37:08,88.62
2019-08-14 16:37:09,88.93
2019-08-14 16:37:10,89.28
2019-08-14 16:37:11,89.67
2019-08-14 16:37:12,90.03
2019-08-14 16:37:13,90.4
2019-08-14 16:37:14,90.78
2019-08-14 16:37:15,91.17
2019-08-14 16:37:16,91.53
2019-08-14 16:37:17,91.92
2019-08-14 16:37:18,92.27
2019-08-14 16:37:19,92.58
2019-08-14 16:37:20,92.9
2019-08-14 16:37:21,93.22
2019-08-14 16:37:22,93.37
2019-08-14 16:37:23,93.43
2019-08-14 16:37:24,93.5
2019-08-14 16:37:25,93.58
2019-08-14 16:37:26,93.68
2019-08-14 16:37:27,93.68
2019-08-14 16:37:28,93.7
2019-08-14 16:37:29,93.7
2019-08-14 16:37:30,93.77
2019-08-14 16:37:31,93.87
2019-08-14 16:37:32,93.98
2019-08-14 16:37:33,94.32
2019-08-14 16:37:34,94.63
2019-08-14 16:37:35,94.93
2019-08-14 16:37:36,95.27
2019-08-14 16:37:37,95.58
2019-08-14 16:37:38,95.92
2019-08-14 16:37:39,96.27
2019-08-14 16:37:40,96.62
2019-08-14 16:37:41,97.0
2019-08-14 16:37:42,97.3
2019-08-14 16:37:43,97.58
2019-08-14 16:37:44,97.92
2019-08-14 16:37:45,98.27
2019-08-14 16:37:46,98.63
2019-08-14 16:37:47,98.97
2019-08-14 16:37:48,99.3
2019-08-14 16:37:49,99.65
2019-08-14 16:37:50,99.95
2019-08-14 16:37:51,100.28
2019-08-14 16:37:52,100.43
2019-08-14 16:37:53,100.6
2019-08-14 16:37:54,100.78
2019-08-14 16:37:55,100.95
2019-08-14 16:37:56,101.12
2019-08-14 16:37:57,101.28
2019-08-14 16:37:58,101.42
2019-08-14 16:37:59,101.53
2019-08-14 16:38:00,101.63
2019-08-14 16:38:01,101.77
2019-08-14 16:38:02,101.85
2019-08-14 16:38:03,101.88
2019-08-14 16:38:04,101.88
2019-08-14 16:38:05,101.87
2019-08-14 16:38:06,101.8
2019-08-14 16:38:07,101.73
2019-08-14 16:38:08,101.5
2019-08-14 16:38:09,101.35
2019-08-14 16:38:10,101.23
2019-08-14 16:38:11,101.07
2019-08-14 16:38:12,100.88
2019-08-14 16:38:13,100.67
2019-08-14 16:38:14,100.43
2019-08-14 16:38:15,100.22
2019-08-14 16:38:16,99.97
2019-08-14 16:38:17,99.62
2019-08-14 16:38:18,99.23
2019-08-14 16:38:19,98.83
2019-08-14 16:38:20,98.47
2019-08-14 16:38:21,98.15
2019-08-14 16:38:22,98.05
2019-08-14 16:38:23,97.98
2019-08-14 16:38:24,98.07
2019-08-14 16:38:25,98.13
2019-08-14 16:38:26,98.2
2019-08-14 16:38:27,98.27
2019-08-14 16:38:28,98.37
2019-08-14 16:38:29,98.47
2019-08-14 16:38:30,98.5
2019-08-14 16:38:31,98.5
2019-08-14 16:38:32,98.35
2019-08-14 16:38:33,97.98
2019-08-14 16:38:34,97.6
2019-08-14 16:38:35,97.27
2019-08-14 16:38:36,96.9
2019-08-14 16:38:37,96.47
2019-08-14 16:38:38,96.1
2019-08-14 16:38:39,95.78
2019-08-14 16:38:40,95.48
2019-08-14 16:38:41,95.2
2019-08-14 16:38:42,95.0
2019-08-14 16:38:43,94.87
2019-08-14 16:38:44,94.92
2019-08-14 16:38:45,94.97
2019-08-14 16:38:46,95.05
2019-08-14 16:38:47,95.13
2019-08-14 16:38:48,95.23
2019-08-14 16:38:49,95.38
2019-08-14 16:38:50,95.57
2019-08-14 16:38:51,95.88
2019-08-14 16:38:52,96.35
2019-08-14 16:38:53,96.73
2019-08-14 16:38:54,97.1
2019-08-14 16:38:55,97.5
2019-08-14 16:38:56,97.92
2019-08-14 16:38:57,98.3
2019-08-14 16:38:58,98.7
2019-08-14 16:38:59,99.1
2019-08-14 16:39:00,99.48
2019-08-14 16:39:01,99.88
2019-08-14 16:39:02,100.28
2019-08-14 16:39:03,100.68
2019-08-14 16:39:04,101.05
2019-08-14 16:39:05,101.43
2019-08-14 16:39:06,101.8
2019-08-14 16:39:07,102.17
2019-08-14 16:39:08,102.53
2019-08-14 16:39:09,102.88
2019-08-14 16:39:10,103.25
2019-08-14 16:39:11,103.63
2019-08-14 16:39:12,104.03
2019-08-14 16:39:13,104.45
2019-08-14 16:39:14,104.9
2019-08-14 16:39:15,105.28
2019-08-14 16:39:16,105.7
2019-08-14 16:39:17,106.18
2019-08-14 16:39:18,106.63
2019-08-14 16:39:19,107.08
2019-08-14 16:39:20,107.47
2019-08-14 16:39:21,107.78
2019-08-14 16:39:22,108.05
2019-08-14 16:39:23,108.32
2019-08-14 16:39:24,108.47
2019-08-14 16:39:25,108.67
2019-08-14 16:39:26,108.83
2019-08-14 16:39:27,109.03
2019-08-14 16:39:28,109.2
2019-08-14 16:39:29,109.38
2019-08-14 16:39:30,109.62
2019-08-14 16:39:31,109.88
2019-08-14 16:39:32,110.4
2019-08-14 16:39:33,110.9
2019-08-14 16:39:34,111.38
2019-08-14 16:39:35,111.88
2019-08-14 16:39:36,112.38
2019-08-14 16:39:37,112.98
2019-08-14 16:39:38,113.47
2019-08-14 16:39:39,113.9
2019-08-14 16:39:40,114.28
2019-08-14 16:39:41,114.6
2019-08-14 16:39:42,114.93
2019-08-14 16:39:43,115.07
2019-08-14 16:39:44,115.02
2019-08-14 16:39:45,114.95
2019-08-14 16:39:46,114.82
2019-08-14 16:39:47,114.7
2019-08-14 16:39:48,114.57
2019-08-14 16:39:49,114.42
2019-08-14 16:39:50,114.17
2019-08-14 16:39:51,113.78
2019-08-14 16:39:52,113.42
2019-08-14 16:39:53,113.12
2019-08-14 16:39:54,112.77
2019-08-14 16:39:55,112.35
2019-08-14 16:39:56,111.97
2019-08-14 16:39:57,111.6
2019-08-14 16:39:58,111.23
2019-08-14 16:39:59,110.87
2019-08-14 16:40:00,110.68
2019-08-14 16:40:01,110.48
2019-08-14 16:40:02,110.32
2019-08-14 16:40:03,110.22
2019-08-14 16:40:04,110.0
2019-08-14 16:40:05,109.78
2019-08-14 16:40:06,109.48
2019-08-14 16:40:07,109.22
2019-08-14 16:40:08,108.92
2019-08-14 16:40:09,108.58
2019-08-14 16:40:10,108.2
2019-08-14 16:40:11,107.82
2019-08-14 16:40:12,107.43
2019-08-14 16:40:13,107.03
2019-08-14 16:40:14,106.62
2019-08-14 16:40:15,106.25
2019-08-14 16:40:16,105.85
2019-08-14 16:40:17,105.45
2019-08-14 16:40:18,105.2
2019-08-14 16:40:19,104.98
2019-08-14 16:40:20,104.83
2019-08-14 16:40:21,104.72
2019-08-14 16:40:22,104.62
2019-08-14 16:40:23,104.52
2019-08-14 16:40:24,104.33
2019-08-14 16:40:25,104.07
2019-08-14 16:40:26,103.87
2019-08-14 16:40:27,103.7
2019-08-14 16:40:28,103.6
2019-08-14 16:40:29,103.5
2019-08-14 16:40:30,103.37
2019-08-14 16:40:31,103.22
2019-08-14 16:40:32,102.87
2019-08-14 16:40:33,102.52
2019-08-14 16:40:34,102.25
2019-08-14 16:40:35,102.0
2019-08-14 16:40:36,101.77
2019-08-14 16:40:37,101.47
2019-08-14 16:40:38,101.18
2019-08-14 16:40:39,100.93
2019-08-14 16:40:40,100.72
2019-08-14 16:40:41,100.6
2019-08-14 16:40:42,100.45
2019-08-14 16:40:43,100.45
2019-08-14 16:40:44,100.42
2019-08-14 16:40:45,100.42
2019-08-14 16:40:46,100.42
2019-08-14 16:40:47,100.48
2019-08-14 16:40:48,100.48
2019-08-14 16:40:49,100.48
2019-08-14 16:40:50,100.58
2019-08-14 16:40:51,100.65
2019-08-14 16:40:52,100.72
2019-08-14 16:40:53,100.75
2019-08-14 16:40:54,100.83
2019-08-14 16:40:55,100.9
2019-08-14 16:40:56,100.77
2019-08-14 16:40:57,100.53
2019-08-14 16:40:58,100.32
2019-08-14 16:40:59,100.1
2019-08-14 16:41:00,99.72
2019-08-14 16:41:01,99.33
2019-08-14 16:41:02,98.9
2019-08-14 16:41:03,98.43
2019-08-14 16:41:04,98.12
2019-08-14 16:41:05,97.85
2019-08-14 16:41:06,97.78
2019-08-14 16:41:07,97.68
2019-08-14 16:41:08,97.6
2019-08-14 16:41:09,97.5
2019-08-14 16:41:10,97.25
2019-08-14 16:41:11,97.07
2019-08-14 16:41:12,96.93
2019-08-14 16:41:13,96.83
2019-08-14 16:41:14,96.73
2019-08-14 16:41:15,96.62
2019-08-14 16:41:16,96.55
2019-08-14 16:41:17,96.4
2019-08-14 16:41:18,96.05
2019-08-14 16:41:19,95.72
2019-08-14 16:41:20,95.42
2019-08-14 16:41:21,95.08
2019-08-14 16:41:22,94.75
2019-08-14 16:41:23,94.4
2019-08-14 16:41:24,94.12
2019-08-14 16:41:25,93.9
2019-08-14 16:41:26,93.63
2019-08-14 16:41:27,93.37
2019-08-14 16:41:28,93.08
2019-08-14 16:41:29,92.78
2019-08-14 16:41:30,92.43
2019-08-14 16:41:31,92.08
2019-08-14 16:41:32,91.82
2019-08-14 16:41:33,91.53
2019-08-14 16:41:34,91.2
2019-08-14 16:41:35,90.8
2019-08-14 16:41:36,90.32
2019-08-14 16:41:37,89.85
2019-08-14 16:41:38,89.47
2019-08-14 16:41:39,89.12
2019-08-14 16:41:40,88.77
2019-08-14 16:41:41,88.35
2019-08-14 16:41:42,87.93
2019-08-14 16:41:43,87.42
2019-08-14 16:41:44,86.9
2019-08-14 16:41:45,86.38
2019-08-14 16:41:46,85.93
2019-08-14 16:41:47,85.42
2019-08-14 16:41:48,84.97
2019-08-14 16:41:49,84.52
2019-08-14 16:41:50,84.05
2019-08-14 16:41:51,83.6
2019-08-14 16:41:52,83.05
2019-08-14 16:41:53,82.52
2019-08-14 16:41:54,81.97
2019-08-14 16:41:55,81.5
2019-08-14 16:41:56,81.18
2019-08-14 16:41:57,80.97
2019-08-14 16:41:58,80.75
2019-08-14 16:41:59,80.55
2019-08-14 16:42:00,80.37
2019-08-14 16:42:01,80.15
2019-08-14 16:42:02,79.93
2019-08-14 16:42:03,79.87
2019-08-14 16:42:04,79.8
2019-08-14 16:42:05,79.7
2019-08-14 16:42:06,79.5
2019-08-14 16:42:07,79.32
2019-08-14 16:42:08,79.1
2019-08-14 16:42:09,78.87
2019-08-14 16:42:10,78.77
2019-08-14 16:42:11,78.63
2019-08-14 16:42:12,78.38
2019-08-14 16:42:13,78.12
2019-08-14 16:42:14,77.85
2019-08-14 16:42:15,77.55
2019-08-14 16:42:16,77.2
2019-08-14 16:42:17,76.92
2019-08-14 16:42:18,76.75
2019-08-14 16:42:19,76.65
2019-08-14 16:42:20,76.5
2019-08-14 16:42:21,76.4
2019-08-14 16:42:22,76.32
2019-08-14 16:42:23,76.33
2019-08-14 16:42:24,76.33
2019-08-14 16:42:25,76.32
2019-08-14 16:42:26,76.28
2019-08-14 16:42:27,76.2
2019-08-14 16:42:28,76.05
2019-08-14 16:42:29,75.92
2019-08-14 16:42:30,75.83
2019-08-14 16:42:31,75.77
2019-08-14 16:42:32,75.72
2019-08-14 16:42:33,75.63
2019-08-14 16:42:34,75.57
2019-08-14 16:42:35,75.53
2019-08-14 16:42:36,75.58
2019-08-14 16:42:37,75.67
2019-08-14 16:42:38,75.73
2019-08-14 16:42:39,75.78
2019-08-14 16:42:40,75.83
2019-08-14 16:42:41,75.92
2019-08-14 16:42:42,75.98
2019-08-14 16:42:43,76.18
2019-08-14 16:42:44,76.4
2019-08-14 16:42:45,76.62
2019-08-14 16:42:46,76.78
2019-08-14 16:42:47,76.95
2019-08-14 16:42:48,77.12
2019-08-14 16:42:49,77.32
2019-08-14 16:42:50,77.6
2019-08-14 16:42:51,77.85
2019-08-14 16:42:52,78.17
2019-08-14 16:42:53,78.52
2019-08-14 16:42:54,78.92
2019-08-14 16:42:55,79.28
2019-08-14 16:42:56,79.67
2019-08-14 16:42:57,80.07
2019-08-14 16:42:58,80.37
2019-08-14 16:42:59,80.67
2019-08-14 16:43:00,80.95
2019-08-14 16:43:01,81.27
2019-08-14 16:43:02,81.6
2019-08-14 16:43:03,81.77
2019-08-14 16:43:04,81.97
2019-08-14 16:43:05,82.18
2019-08-14 16:43:06,82.4
2019-08-14 16:43:07,82.6
2019-08-14 16:43:08,82.88
2019-08-14 16:43:09,83.22
2019-08-14 16:43:10,83.58
2019-08-14 16:43:11,84.0
2019-08-14 16:43:12,84.47
2019-08-14 16:43:13,84.95
2019-08-14 16:43:14,85.42
2019-08-14 16:43:15,85.95
2019-08-14 16:43:16,86.53
2019-08-14 16:43:17,87.07
2019-08-14 16:43:18,87.6
2019-08-14 16:43:19,88.05
2019-08-14 16:43:20,88.48
2019-08-14 16:43:21,88.97
2019-08-14 16:43:22,89.42
2019-08-14 16:43:23,89.77
2019-08-14 16:43:24,90.13
2019-08-14 16:43:25,90.52
2019-08-14 16:43:26,90.9
2019-08-14 16:43:27,91.33
2019-08-14 16:43:28,91.78
2019-08-14 16:43:29,92.25
2019-08-14 16:43:30,92.75
2019-08-14 16:43:31,93.27
2019-08-14 16:43:32,93.73
2019-08-14 16:43:33,94.25
2019-08-14 16:43:34,94.83
2019-08-14 16:43:35,95.42
2019-08-14 16:43:36,95.97
2019-08-14 16:43:37,96.48
2019-08-14 16:43:38,96.98
2019-08-14 16:43:39,97.45
2019-08-14 16:43:40,98.0
2019-08-14 16:43:41,98.52
2019-08-14 16:43:42,99.05
2019-08-14 16:43:43,99.55
2019-08-14 16:43:44,100.03
2019-08-14 16:43:45,100.52
2019-08-14 16:43:46,100.97
2019-08-14 16:43:47,101.43
2019-08-14 16:43:48,101.8
2019-08-14 16:43:49,102.18
2019-08-14 16:43:50,102.52
2019-08-14 16:43:51,102.88
2019-08-14 16:43:52,103.3
2019-08-14 16:43:53,103.68
2019-08-14 16:43:54,104.0
2019-08-14 16:43:55,104.32
2019-08-14 16:43:56,104.6
2019-08-14 16:43:57,104.83
2019-08-14 16:43:58,105.18
2019-08-14 16:43:59,105.52
2019-08-14 16:44:00,105.78
2019-08-14 16:44:01,106.03
2019-08-14 16:44:02,106.28
2019-08-14 16:44:03,106.53
2019-08-14 16:44:04,106.73
2019-08-14 16:44:05,106.9
2019-08-14 16:44:06,106.92
2019-08-14 16:44:07,106.93
2019-08-14 16:44:08,106.87
2019-08-14 16:44:09,106.82
2019-08-14 16:44:10,106.75
2019-08-14 16:44:11,106.6
2019-08-14 16:44:12,106.47
2019-08-14 16:44:13,106.32
2019-08-14 16:44:14,106.18
2019-08-14 16:44:15,105.97
2019-08-14 16:44:16,105.73
2019-08-14 16:44:17,105.57
2019-08-14 16:44:18,105.38
2019-08-14 16:44:19,105.22
2019-08-14 16:44:20,105.07
2019-08-14 16:44:21,104.82
2019-08-14 16:44:22,104.58
2019-08-14 16:44:23,104.33
2019-08-14 16:44:24,104.12
2019-08-14 16:44:25,103.87
2019-08-14 16:44:26,103.65
2019-08-14 16:44:27,103.42
2019-08-14 16:44:28,103.2
2019-08-14 16:44:29,102.98
2019-08-14 16:44:30,102.77
2019-08-14 16:44:31,102.52
2019-08-14 16:44:32,102.28
2019-08-14 16:44:33,101.98
2019-08-14 16:44:34,101.6
2019-08-14 16:44:35,101.22
2019-08-14 16:44:36,100.83
2019-08-14 16:44:37,100.47
2019-08-14 16:44:38,100.07
2019-08-14 16:44:39,99.63
2019-08-14 16:44:40,99.07
2019-08-14 16:44:41,98.43
2019-08-14 16:44:42,97.85
2019-08-14 16:44:43,97.25
2019-08-14 16:44:44,96.5
2019-08-14 16:44:45,95.75
2019-08-14 16:44:46,95.03
2019-08-14 16:44:47,94.32
2019-08-14 16:44:48,93.7
2019-08-14 16:44:49,93.03
2019-08-14 16:44:50,92.37
2019-08-14 16:44:51,91.72
2019-08-14 16:44:52,91.07
2019-08-14 16:44:53,90.43
2019-08-14 16:44:54,89.85
2019-08-14 16:44:55,89.28
2019-08-14 16:44:56,88.73
2019-08-14 16:44:57,88.22
2019-08-14 16:44:58,87.67
2019-08-14 16:44:59,87.08
2019-08-14 16:45:00,86.65
2019-08-14 16:45:01,86.23
2019-08-14 16:45:02,85.83
2019-08-14 16:45:03,85.48
2019-08-14 16:45:04,85.13
2019-08-14 16:45:05,84.82
2019-08-14 16:45:06,84.68
2019-08-14 16:45:07,84.58
2019-08-14 16:45:08,84.55
2019-08-14 16:45:09,84.52
2019-08-14 16:45:10,84.5
2019-08-14 16:45:11,84.48
2019-08-14 16:45:12,84.47
2019-08-14 16:45:13,84.47
2019-08-14 16:45:14,84.43
2019-08-14 16:45:15,84.45
2019-08-14 16:45:16,84.48
2019-08-14 16:45:17,84.48
2019-08-14 16:45:18,84.53
2019-08-14 16:45:19,84.52
2019-08-14 16:45:20,84.7
2019-08-14 16:45:21,84.98
2019-08-14 16:45:22,85.25
2019-08-14 16:45:23,85.55
2019-08-14 16:45:24,85.87
2019-08-14 16:45:25,86.13
2019-08-14 16:45:26,86.4
2019-08-14 16:45:27,86.73
2019-08-14 16:45:28,87.08
2019-08-14 16:45:29,87.37
2019-08-14 16:45:30,87.65
2019-08-14 16:45:31,87.97
2019-08-14 16:45:32,88.3
2019-08-14 16:45:33,88.65
2019-08-14 16:45:34,89.02
2019-08-14 16:45:35,89.42
2019-08-14 16:45:36,89.83
2019-08-14 16:45:37,90.22
2019-08-14 16:45:38,90.63
2019-08-14 16:45:39,91.07
2019-08-14 16:45:40,91.57
2019-08-14 16:45:41,92.22
2019-08-14 16:45:42,92.83
2019-08-14 16:45:43,93.47
2019-08-14 16:45:44,94.27
2019-08-14 16:45:45,95.02
2019-08-14 16:45:46,95.77
2019-08-14 16:45:47,96.5
2019-08-14 16:45:48,97.1
2019-08-14 16:45:49,97.63
2019-08-14 16:45:50,98.22
2019-08-14 16:45:51,98.77
2019-08-14 16:45:52,99.3
2019-08-14 16:45:53,99.77
2019-08-14 16:45:54,100.28
2019-08-14 16:45:55,100.77
2019-08-14 16:45:56,101.27
2019-08-14 16:45:57,101.85
2019-08-14 16:45:58,102.48
2019-08-14 16:45:59,103.13
2019-08-14 16:46:00,103.73
2019-08-14 16:46:01,104.35
2019-08-14 16:46:02,104.95
2019-08-14 16:46:03,105.52
2019-08-14 16:46:04,106.07
2019-08-14 16:46:05,106.58
2019-08-14 16:46:06,107.07
2019-08-14 16:46:07,107.52
2019-08-14 16:46:08,108.02
2019-08-14 16:46:09,108.45
2019-08-14 16:46:10,108.87
2019-08-14 16:46:11,109.28
2019-08-14 16:46:12,109.7
2019-08-14 16:46:13,110.12
2019-08-14 16:46:14,110.57
2019-08-14 16:46:15,111.02
2019-08-14 16:46:16,111.47
2019-08-14 16:46:17,111.92
2019-08-14 16:46:18,112.35
2019-08-14 16:46:19,112.85
2019-08-14 16:46:20,113.15
2019-08-14 16:46:21,113.35
2019-08-14 16:46:22,113.52
2019-08-14 16:46:23,113.63
2019-08-14 16:46:24,113.68
2019-08-14 16:46:25,113.78
2019-08-14 16:46:26,113.85
2019-08-14 16:46:27,113.82
2019-08-14 16:46:28,113.73
2019-08-14 16:46:29,113.65
2019-08-14 16:46:30,113.58
2019-08-14 16:46:31,113.5
2019-08-14 16:46:32,113.42
2019-08-14 16:46:33,113.37
2019-08-14 16:46:34,113.27
2019-08-14 16:46:35,113.0
2019-08-14 16:46:36,112.75
2019-08-14 16:46:37,112.5
2019-08-14 16:46:38,112.22
2019-08-14 16:46:39,111.93
2019-08-14 16:46:40,111.63
2019-08-14 16:46:41,111.25
2019-08-14 16:46:42,110.83
2019-08-14 16:46:43,110.43
2019-08-14 16:46:44,110.02
2019-08-14 16:46:45,109.67
2019-08-14 16:46:46,109.33
2019-08-14 16:46:47,109.02
2019-08-14 16:46:48,108.83
2019-08-14 16:46:49,108.67
2019-08-14 16:46:50,108.47
2019-08-14 16:46:51,108.25
2019-08-14 16:46:52,107.98
2019-08-14 16:46:53,107.8
2019-08-14 16:46:54,107.6
2019-08-14 16:46:55,107.5
2019-08-14 16:46:56,107.37
2019-08-14 16:46:57,107.17
2019-08-14 16:46:58,106.9
2019-08-14 16:46:59,106.7
2019-08-14 16:47:00,106.47
2019-08-14 16:47:01,106.2
2019-08-14 16:47:02,105.93
2019-08-14 16:47:03,105.67
2019-08-14 16:47:04,105.43
2019-08-14 16:47:05,105.18
2019-08-14 16:47:06,105.0
2019-08-14 16:47:07,104.85
2019-08-14 16:47:08,104.63
2019-08-14 16:47:09,104.45
2019-08-14 16:47:10,104.27
2019-08-14 16:47:11,104.1
2019-08-14 16:47:12,103.98
2019-08-14 16:47:13,103.87
2019-08-14 16:47:14,103.77
2019-08-14 16:47:15,103.7
2019-08-14 16:47:16,103.6
2019-08-14 16:47:17,103.53
2019-08-14 16:47:18,103.43
2019-08-14 16:47:19,103.32
2019-08-14 16:47:20,103.22
2019-08-14 16:47:21,103.13
2019-08-14 16:47:22,103.08
2019-08-14 16:47:23,103.07
2019-08-14 16:47:24,103.03
2019-08-14 16:47:25,103.03
2019-08-14 16:47:26,103.03
2019-08-14 16:47:27,103.05
2019-08-14 16:47:28,103.08
2019-08-14 16:47:29,103.07
2019-08-14 16:47:30,103.07
2019-08-14 16:47:31,103.05
2019-08-14 16:47:32,103.02
2019-08-14 16:47:33,102.98
2019-08-14 16:47:34,103.0
2019-08-14 16:47:35,103.17
2019-08-14 16:47:36,103.32
2019-08-14 16:47:37,103.47
2019-08-14 16:47:38,103.63
2019-08-14 16:47:39,103.82
2019-08-14 16:47:40,104.0
2019-08-14 16:47:41,104.2
2019-08-14 16:47:42,104.42
2019-08-14 16:47:43,104.62
2019-08-14 16:47:44,104.87
2019-08-14 16:47:45,105.1
2019-08-14 16:47:46,105.33
2019-08-14 16:47:47,105.55
2019-08-14 16:47:48,105.77
2019-08-14 16:47:49,106.07
2019-08-14 16:47:50,106.32
2019-08-14 16:47:51,106.58
2019-08-14 16:47:52,106.9
2019-08-14 16:47:53,107.18
2019-08-14 16:47:54,107.43
2019-08-14 16:47:55,107.58
2019-08-14 16:47:56,107.8
2019-08-14 16:47:57,108.02
2019-08-14 16:47:58,108.27
2019-08-14 16:47:59,108.47
2019-08-14 16:48:00,108.7
2019-08-14 16:48:01,108.93
2019-08-14 16:48:02,109.18
2019-08-14 16:48:03,109.37
2019-08-14 16:48:04,109.55
2019-08-14 16:48:05,109.77
2019-08-14 16:48:06,109.92
2019-08-14 16:48:07,110.03
2019-08-14 16:48:08,110.15
2019-08-14 16:48:09,110.25
2019-08-14 16:48:10,110.35
2019-08-14 16:48:11,110.45
2019-08-14 16:48:12,110.5
2019-08-14 16:48:13,110.57
2019-08-14 16:48:14,110.6
2019-08-14 16:48:15,110.62
2019-08-14 16:48:16,110.6
2019-08-14 16:48:17,110.58
2019-08-14 16:48:18,110.58
2019-08-14 16:48:19,110.53
2019-08-14 16:48:20,110.42
2019-08-14 16:48:21,110.33
2019-08-14 16:48:22,110.25
2019-08-14 16:48:23,110.17
2019-08-14 16:48:24,110.1
2019-08-14 16:48:25,110.0
2019-08-14 16:48:26,109.87
2019-08-14 16:48:27,109.73
2019-08-14 16:48:28,109.6
2019-08-14 16:48:29,109.55
2019-08-14 16:48:30,109.38
2019-08-14 16:48:31,109.2
2019-08-14 16:48:32,109.03
2019-08-14 16:48:33,108.82
2019-08-14 16:48:34,108.6
2019-08-14 16:48:35,108.58
2019-08-14 16:48:36,108.52
2019-08-14 16:48:37,108.45
2019-08-14 16:48:38,108.4
2019-08-14 16:48:39,108.35
2019-08-14 16:48:40,108.3
2019-08-14 16:48:41,108.25
2019-08-14 16:48:42,108.2
2019-08-14 16:48:43,108.13
2019-08-14 16:48:44,107.95
2019-08-14 16:48:45,107.85
2019-08-14 16:48:46,107.75
2019-08-14 16:48:47,107.62
2019-08-14 16:48:48,107.5
2019-08-14 16:48:49,107.17
2019-08-14 16:48:50,106.85
2019-08-14 16:48:51,106.55
2019-08-14 16:48:52,106.25
2019-08-14 16:48:53,105.98
2019-08-14 16:48:54,105.72
2019-08-14 16:48:55,105.53
2019-08-14 16:48:56,105.3
2019-08-14 16:48:57,105.03
2019-08-14 16:48:58,104.75
2019-08-14 16:48:59,104.43
2019-08-14 16:49:00,104.15
2019-08-14 16:49:01,103.85
2019-08-14 16:49:02,103.55
2019-08-14 16:49:03,103.33
2019-08-14 16:49:04,103.15
2019-08-14 16:49:05,102.98
2019-08-14 16:49:06,102.75
2019-08-14 16:49:07,102.5
2019-08-14 16:49:08,102.25
2019-08-14 16:49:09,102.0
2019-08-14 16:49:10,101.75
2019-08-14 16:49:11,101.48
2019-08-14 16:49:12,101.22
